[
  {
    "inputs": [
      {
        "internalType": "contractIBurnMintERC20",
        "name": "token",
        "type": "address"
      },
      {
        "internalType": "uint8",
        "name": "localTokenDecimals",
        "type": "uint8"
      },
      {
        "internalType": "address[]",
        "name": "allowlist",
        "type": "address[]"
      },
      { "internalType": "address", "name": "rmnProxy", "type": "address" },
      { "internalType": "address", "name": "router", "type": "address" }
    ],
    "stateMutability": "nonpayable",
    "type": "constructor"
  },
  {
    "inputs": [
      { "internalType": "uint256", "name": "capacity", "type": "uint256" },
      { "internalType": "uint256", "name": "requested", "type": "uint256" }
    ],
    "name": "AggregateValueMaxCapacityExceeded",
    "type": "error"
  },
  {
    "inputs": [
      {
        "internalType": "uint256",
        "name": "minWaitInSeconds",
        "type": "uint256"
      },
      { "internalType": "uint256", "name": "available", "type": "uint256" }
    ],
    "name": "AggregateValueRateLimitReached",
    "type": "error"
  },
  { "inputs": [], "name": "AllowListNotEnabled", "type": "error" },
  { "inputs": [], "name": "BucketOverfilled", "type": "error" },
  {
    "inputs": [
      { "internalType": "address", "name": "caller", "type": "address" }
    ],
    "name": "CallerIsNotARampOnRouter",
    "type": "error"
  },
  { "inputs": [], "name": "CannotTransferToSelf", "type": "error" },
  {
    "inputs": [
      { "internalType": "uint64", "name": "chainSelector", "type": "uint64" }
    ],
    "name": "ChainAlreadyExists",
    "type": "error"
  },
  {
    "inputs": [
      {
        "internalType": "uint64",
        "name": "remoteChainSelector",
        "type": "uint64"
      }
    ],
    "name": "ChainNotAllowed",
    "type": "error"
  },
  { "inputs": [], "name": "CursedByRMN", "type": "error" },
  {
    "inputs": [
      {
        "components": [
          { "internalType": "bool", "name": "isEnabled", "type": "bool" },
          {
            "internalType": "uint128",
            "name": "capacity",
            "type": "uint128"
          },
          { "internalType": "uint128", "name": "rate", "type": "uint128" }
        ],
        "internalType": "structRateLimiter.Config",
        "name": "config",
        "type": "tuple"
      }
    ],
    "name": "DisabledNonZeroRateLimit",
    "type": "error"
  },
  {
    "inputs": [
      { "internalType": "uint8", "name": "expected", "type": "uint8" },
      { "internalType": "uint8", "name": "actual", "type": "uint8" }
    ],
    "name": "InvalidDecimalArgs",
    "type": "error"
  },
  {
    "inputs": [
      {
        "components": [
          { "internalType": "bool", "name": "isEnabled", "type": "bool" },
          {
            "internalType": "uint128",
            "name": "capacity",
            "type": "uint128"
          },
          { "internalType": "uint128", "name": "rate", "type": "uint128" }
        ],
        "internalType": "structRateLimiter.Config",
        "name": "rateLimiterConfig",
        "type": "tuple"
      }
    ],
    "name": "InvalidRateLimitRate",
    "type": "error"
  },
  {
    "inputs": [
      { "internalType": "bytes", "name": "sourcePoolData", "type": "bytes" }
    ],
    "name": "InvalidRemoteChainDecimals",
    "type": "error"
  },
  {
    "inputs": [
      {
        "internalType": "uint64",
        "name": "remoteChainSelector",
        "type": "uint64"
      },
      {
        "internalType": "bytes",
        "name": "remotePoolAddress",
        "type": "bytes"
      }
    ],
    "name": "InvalidRemotePoolForChain",
    "type": "error"
  },
  {
    "inputs": [
      {
        "internalType": "bytes",
        "name": "sourcePoolAddress",
        "type": "bytes"
      }
    ],
    "name": "InvalidSourcePoolAddress",
    "type": "error"
  },
  {
    "inputs": [
      { "internalType": "address", "name": "token", "type": "address" }
    ],
    "name": "InvalidToken",
    "type": "error"
  },
  { "inputs": [], "name": "MismatchedArrayLengths", "type": "error" },
  { "inputs": [], "name": "MustBeProposedOwner", "type": "error" },
  {
    "inputs": [
      {
        "internalType": "uint64",
        "name": "remoteChainSelector",
        "type": "uint64"
      }
    ],
    "name": "NonExistentChain",
    "type": "error"
  },
  { "inputs": [], "name": "OnlyCallableByOwner", "type": "error" },
  {
    "inputs": [
      { "internalType": "uint8", "name": "remoteDecimals", "type": "uint8" },
      { "internalType": "uint8", "name": "localDecimals", "type": "uint8" },
      {
        "internalType": "uint256",
        "name": "remoteAmount",
        "type": "uint256"
      }
    ],
    "name": "OverflowDetected",
    "type": "error"
  },
  { "inputs": [], "name": "OwnerCannotBeZero", "type": "error" },
  {
    "inputs": [
      {
        "internalType": "uint64",
        "name": "remoteChainSelector",
        "type": "uint64"
      },
      {
        "internalType": "bytes",
        "name": "remotePoolAddress",
        "type": "bytes"
      }
    ],
    "name": "PoolAlreadyAdded",
    "type": "error"
  },
  { "inputs": [], "name": "RateLimitMustBeDisabled", "type": "error" },
  {
    "inputs": [
      { "internalType": "address", "name": "sender", "type": "address" }
    ],
    "name": "SenderNotAllowed",
    "type": "error"
  },
  {
    "inputs": [
      { "internalType": "uint256", "name": "capacity", "type": "uint256" },
      { "internalType": "uint256", "name": "requested", "type": "uint256" },
      {
        "internalType": "address",
        "name": "tokenAddress",
        "type": "address"
      }
    ],
    "name": "TokenMaxCapacityExceeded",
    "type": "error"
  },
  {
    "inputs": [
      {
        "internalType": "uint256",
        "name": "minWaitInSeconds",
        "type": "uint256"
      },
      { "internalType": "uint256", "name": "available", "type": "uint256" },
      {
        "internalType": "address",
        "name": "tokenAddress",
        "type": "address"
      }
    ],
    "name": "TokenRateLimitReached",
    "type": "error"
  },
  {
    "inputs": [
      { "internalType": "address", "name": "caller", "type": "address" }
    ],
    "name": "Unauthorized",
    "type": "error"
  },
  { "inputs": [], "name": "ZeroAddressNotAllowed", "type": "error" },
  {
    "anonymous": false,
    "inputs": [
      {
        "indexed": false,
        "internalType": "address",
        "name": "sender",
        "type": "address"
      }
    ],
    "name": "AllowListAdd",
    "type": "event"
  },
  {
    "anonymous": false,
    "inputs": [
      {
        "indexed": false,
        "internalType": "address",
        "name": "sender",
        "type": "address"
      }
    ],
    "name": "AllowListRemove",
    "type": "event"
  },
  {
    "anonymous": false,
    "inputs": [
      {
        "indexed": true,
        "internalType": "address",
        "name": "sender",
        "type": "address"
      },
      {
        "indexed": false,
        "internalType": "uint256",
        "name": "amount",
        "type": "uint256"
      }
    ],
    "name": "Burned",
    "type": "event"
  },
  {
    "anonymous": false,
    "inputs": [
      {
        "indexed": false,
        "internalType": "uint64",
        "name": "remoteChainSelector",
        "type": "uint64"
      },
      {
        "indexed": false,
        "internalType": "bytes",
        "name": "remoteToken",
        "type": "bytes"
      },
      {
        "components": [
          { "internalType": "bool", "name": "isEnabled", "type": "bool" },
          {
            "internalType": "uint128",
            "name": "capacity",
            "type": "uint128"
          },
          { "internalType": "uint128", "name": "rate", "type": "uint128" }
        ],
        "indexed": false,
        "internalType": "structRateLimiter.Config",
        "name": "outboundRateLimiterConfig",
        "type": "tuple"
      },
      {
        "components": [
          { "internalType": "bool", "name": "isEnabled", "type": "bool" },
          {
            "internalType": "uint128",
            "name": "capacity",
            "type": "uint128"
          },
          { "internalType": "uint128", "name": "rate", "type": "uint128" }
        ],
        "indexed": false,
        "internalType": "structRateLimiter.Config",
        "name": "inboundRateLimiterConfig",
        "type": "tuple"
      }
    ],
    "name": "ChainAdded",
    "type": "event"
  },
  {
    "anonymous": false,
    "inputs": [
      {
        "indexed": false,
        "internalType": "uint64",
        "name": "remoteChainSelector",
        "type": "uint64"
      },
      {
        "components": [
          { "internalType": "bool", "name": "isEnabled", "type": "bool" },
          {
            "internalType": "uint128",
            "name": "capacity",
            "type": "uint128"
          },
          { "internalType": "uint128", "name": "rate", "type": "uint128" }
        ],
        "indexed": false,
        "internalType": "structRateLimiter.Config",
        "name": "outboundRateLimiterConfig",
        "type": "tuple"
      },
      {
        "components": [
          { "internalType": "bool", "name": "isEnabled", "type": "bool" },
          {
            "internalType": "uint128",
            "name": "capacity",
            "type": "uint128"
          },
          { "internalType": "uint128", "name": "rate", "type": "uint128" }
        ],
        "indexed": false,
        "internalType": "structRateLimiter.Config",
        "name": "inboundRateLimiterConfig",
        "type": "tuple"
      }
    ],
    "name": "ChainConfigured",
    "type": "event"
  },
  {
    "anonymous": false,
    "inputs": [
      {
        "indexed": false,
        "internalType": "uint64",
        "name": "remoteChainSelector",
        "type": "uint64"
      }
    ],
    "name": "ChainRemoved",
    "type": "event"
  },
  {
    "anonymous": false,
    "inputs": [
      {
        "components": [
          { "internalType": "bool", "name": "isEnabled", "type": "bool" },
          {
            "internalType": "uint128",
            "name": "capacity",
            "type": "uint128"
          },
          { "internalType": "uint128", "name": "rate", "type": "uint128" }
        ],
        "indexed": false,
        "internalType": "structRateLimiter.Config",
        "name": "config",
        "type": "tuple"
      }
    ],
    "name": "ConfigChanged",
    "type": "event"
  },
  {
    "anonymous": false,
    "inputs": [
      {
        "indexed": true,
        "internalType": "address",
        "name": "sender",
        "type": "address"
      },
      {
        "indexed": false,
        "internalType": "uint256",
        "name": "amount",
        "type": "uint256"
      }
    ],
    "name": "Locked",
    "type": "event"
  },
  {
    "anonymous": false,
    "inputs": [
      {
        "indexed": true,
        "internalType": "address",
        "name": "sender",
        "type": "address"
      },
      {
        "indexed": true,
        "internalType": "address",
        "name": "recipient",
        "type": "address"
      },
      {
        "indexed": false,
        "internalType": "uint256",
        "name": "amount",
        "type": "uint256"
      }
    ],
    "name": "Minted",
    "type": "event"
  },
  {
    "anonymous": false,
    "inputs": [
      {
        "indexed": true,
        "internalType": "address",
        "name": "from",
        "type": "address"
      },
      {
        "indexed": true,
        "internalType": "address",
        "name": "to",
        "type": "address"
      }
    ],
    "name": "OwnershipTransferRequested",
    "type": "event"
  },
  {
    "anonymous": false,
    "inputs": [
      {
        "indexed": true,
        "internalType": "address",
        "name": "from",
        "type": "address"
      },
      {
        "indexed": true,
        "internalType": "address",
        "name": "to",
        "type": "address"
      }
    ],
    "name": "OwnershipTransferred",
    "type": "event"
  },
  {
    "anonymous": false,
    "inputs": [
      {
        "indexed": false,
        "internalType": "address",
        "name": "rateLimitAdmin",
        "type": "address"
      }
    ],
    "name": "RateLimitAdminSet",
    "type": "event"
  },
  {
    "anonymous": false,
    "inputs": [
      {
        "indexed": true,
        "internalType": "address",
        "name": "sender",
        "type": "address"
      },
      {
        "indexed": true,
        "internalType": "address",
        "name": "recipient",
        "type": "address"
      },
      {
        "indexed": false,
        "internalType": "uint256",
        "name": "amount",
        "type": "uint256"
      }
    ],
    "name": "Released",
    "type": "event"
  },
  {
    "anonymous": false,
    "inputs": [
      {
        "indexed": true,
        "internalType": "uint64",
        "name": "remoteChainSelector",
        "type": "uint64"
      },
      {
        "indexed": false,
        "internalType": "bytes",
        "name": "remotePoolAddress",
        "type": "bytes"
      }
    ],
    "name": "RemotePoolAdded",
    "type": "event"
  },
  {
    "anonymous": false,
    "inputs": [
      {
        "indexed": true,
        "internalType": "uint64",
        "name": "remoteChainSelector",
        "type": "uint64"
      },
      {
        "indexed": false,
        "internalType": "bytes",
        "name": "remotePoolAddress",
        "type": "bytes"
      }
    ],
    "name": "RemotePoolRemoved",
    "type": "event"
  },
  {
    "anonymous": false,
    "inputs": [
      {
        "indexed": false,
        "internalType": "address",
        "name": "oldRouter",
        "type": "address"
      },
      {
        "indexed": false,
        "internalType": "address",
        "name": "newRouter",
        "type": "address"
      }
    ],
    "name": "RouterUpdated",
    "type": "event"
  },
  {
    "anonymous": false,
    "inputs": [
      {
        "indexed": false,
        "internalType": "uint256",
        "name": "tokens",
        "type": "uint256"
      }
    ],
    "name": "TokensConsumed",
    "type": "event"
  },
  {
    "inputs": [],
    "name": "acceptOwnership",
    "outputs": [],
    "stateMutability": "nonpayable",
    "type": "function"
  },
  {
    "inputs": [
      {
        "internalType": "uint64",
        "name": "remoteChainSelector",
        "type": "uint64"
      },
      {
        "internalType": "bytes",
        "name": "remotePoolAddress",
        "type": "bytes"
      }
    ],
    "name": "addRemotePool",
    "outputs": [],
    "stateMutability": "nonpayable",
    "type": "function"
  },
  {
    "inputs": [
      { "internalType": "address[]", "name": "removes", "type": "address[]" },
      { "internalType": "address[]", "name": "adds", "type": "address[]" }
    ],
    "name": "applyAllowListUpdates",
    "outputs": [],
    "stateMutability": "nonpayable",
    "type": "function"
  },
  {
    "inputs": [
      {
        "internalType": "uint64[]",
        "name": "remoteChainSelectorsToRemove",
        "type": "uint64[]"
      },
      {
        "components": [
          {
            "internalType": "uint64",
            "name": "remoteChainSelector",
            "type": "uint64"
          },
          {
            "internalType": "bytes[]",
            "name": "remotePoolAddresses",
            "type": "bytes[]"
          },
          {
            "internalType": "bytes",
            "name": "remoteTokenAddress",
            "type": "bytes"
          },
          {
            "components": [
              { "internalType": "bool", "name": "isEnabled", "type": "bool" },
              {
                "internalType": "uint128",
                "name": "capacity",
                "type": "uint128"
              },
              {
                "internalType": "uint128",
                "name": "rate",
                "type": "uint128"
              }
            ],
            "internalType": "structRateLimiter.Config",
            "name": "outboundRateLimiterConfig",
            "type": "tuple"
          },
          {
            "components": [
              { "internalType": "bool", "name": "isEnabled", "type": "bool" },
              {
                "internalType": "uint128",
                "name": "capacity",
                "type": "uint128"
              },
              {
                "internalType": "uint128",
                "name": "rate",
                "type": "uint128"
              }
            ],
            "internalType": "structRateLimiter.Config",
            "name": "inboundRateLimiterConfig",
            "type": "tuple"
          }
        ],
        "internalType": "structTokenPool.ChainUpdate[]",
        "name": "chainsToAdd",
        "type": "tuple[]"
      }
    ],
    "name": "applyChainUpdates",
    "outputs": [],
    "stateMutability": "nonpayable",
    "type": "function"
  },
  {
    "inputs": [],
    "name": "getAllowList",
    "outputs": [
      { "internalType": "address[]", "name": "", "type": "address[]" }
    ],
    "stateMutability": "view",
    "type": "function"
  },
  {
    "inputs": [],
    "name": "getAllowListEnabled",
    "outputs": [{ "internalType": "bool", "name": "", "type": "bool" }],
    "stateMutability": "view",
    "type": "function"
  },
  {
    "inputs": [
      {
        "internalType": "uint64",
        "name": "remoteChainSelector",
        "type": "uint64"
      }
    ],
    "name": "getCurrentInboundRateLimiterState",
    "outputs": [
      {
        "components": [
          { "internalType": "uint128", "name": "tokens", "type": "uint128" },
          {
            "internalType": "uint32",
            "name": "lastUpdated",
            "type": "uint32"
          },
          { "internalType": "bool", "name": "isEnabled", "type": "bool" },
          {
            "internalType": "uint128",
            "name": "capacity",
            "type": "uint128"
          },
          { "internalType": "uint128", "name": "rate", "type": "uint128" }
        ],
        "internalType": "structRateLimiter.TokenBucket",
        "name": "",
        "type": "tuple"
      }
    ],
    "stateMutability": "view",
    "type": "function"
  },
  {
    "inputs": [
      {
        "internalType": "uint64",
        "name": "remoteChainSelector",
        "type": "uint64"
      }
    ],
    "name": "getCurrentOutboundRateLimiterState",
    "outputs": [
      {
        "components": [
          { "internalType": "uint128", "name": "tokens", "type": "uint128" },
          {
            "internalType": "uint32",
            "name": "lastUpdated",
            "type": "uint32"
          },
          { "internalType": "bool", "name": "isEnabled", "type": "bool" },
          {
            "internalType": "uint128",
            "name": "capacity",
            "type": "uint128"
          },
          { "internalType": "uint128", "name": "rate", "type": "uint128" }
        ],
        "internalType": "structRateLimiter.TokenBucket",
        "name": "",
        "type": "tuple"
      }
    ],
    "stateMutability": "view",
    "type": "function"
  },
  {
    "inputs": [],
    "name": "getRateLimitAdmin",
    "outputs": [{ "internalType": "address", "name": "", "type": "address" }],
    "stateMutability": "view",
    "type": "function"
  },
  {
    "inputs": [
      {
        "internalType": "uint64",
        "name": "remoteChainSelector",
        "type": "uint64"
      }
    ],
    "name": "getRemotePools",
    "outputs": [{ "internalType": "bytes[]", "name": "", "type": "bytes[]" }],
    "stateMutability": "view",
    "type": "function"
  },
  {
    "inputs": [
      {
        "internalType": "uint64",
        "name": "remoteChainSelector",
        "type": "uint64"
      }
    ],
    "name": "getRemoteToken",
    "outputs": [{ "internalType": "bytes", "name": "", "type": "bytes" }],
    "stateMutability": "view",
    "type": "function"
  },
  {
    "inputs": [],
    "name": "getRmnProxy",
    "outputs": [
      { "internalType": "address", "name": "rmnProxy", "type": "address" }
    ],
    "stateMutability": "view",
    "type": "function"
  },
  {
    "inputs": [],
    "name": "getRouter",
    "outputs": [
      { "internalType": "address", "name": "router", "type": "address" }
    ],
    "stateMutability": "view",
    "type": "function"
  },
  {
    "inputs": [],
    "name": "getSupportedChains",
    "outputs": [{ "internalType": "uint64[]", "name": "", "type": "uint64[]" }],
    "stateMutability": "view",
    "type": "function"
  },
  {
    "inputs": [],
    "name": "getToken",
    "outputs": [
      {
        "internalType": "contractIERC20",
        "name": "token",
        "type": "address"
      }
    ],
    "stateMutability": "view",
    "type": "function"
  },
  {
    "inputs": [],
    "name": "getTokenDecimals",
    "outputs": [
      { "internalType": "uint8", "name": "decimals", "type": "uint8" }
    ],
    "stateMutability": "view",
    "type": "function"
  },
  {
    "inputs": [
      {
        "internalType": "uint64",
        "name": "remoteChainSelector",
        "type": "uint64"
      },
      {
        "internalType": "bytes",
        "name": "remotePoolAddress",
        "type": "bytes"
      }
    ],
    "name": "isRemotePool",
    "outputs": [{ "internalType": "bool", "name": "", "type": "bool" }],
    "stateMutability": "view",
    "type": "function"
  },
  {
    "inputs": [
      {
        "internalType": "uint64",
        "name": "remoteChainSelector",
        "type": "uint64"
      }
    ],
    "name": "isSupportedChain",
    "outputs": [{ "internalType": "bool", "name": "", "type": "bool" }],
    "stateMutability": "view",
    "type": "function"
  },
  {
    "inputs": [
      { "internalType": "address", "name": "token", "type": "address" }
    ],
    "name": "isSupportedToken",
    "outputs": [{ "internalType": "bool", "name": "", "type": "bool" }],
    "stateMutability": "view",
    "type": "function"
  },
  {
    "inputs": [],
    "name": "owner",
    "outputs": [{ "internalType": "address", "name": "", "type": "address" }],
    "stateMutability": "view",
    "type": "function"
  },
  {
    "inputs": [
      { "internalType": "bytes4", "name": "interfaceId", "type": "bytes4" }
    ],
    "name": "supportsInterface",
    "outputs": [{ "internalType": "bool", "name": "", "type": "bool" }],
    "stateMutability": "pure",
    "type": "function"
  },
  {
    "inputs": [],
    "name": "typeAndVersion",
    "outputs": [{ "internalType": "string", "name": "", "type": "string" }],
    "stateMutability": "view",
    "type": "function"
  }
]
